masked_user,source_ip,destination_ip,action,resource,protocol,access_result,location,device_type,login_attempt_count,log_hour,day_of_week,month,time_diff_prev,user_activity_frequency,unique_actions,source_subnet,dest_subnet,resource_category,access_flag,protocol_HTTP,protocol_HTTPS,protocol_FTP,protocol_SSH,protocol_RDP,device_desktop,device_mobile,device_tablet,location_count,session_duration,event_count_session,session_complexity
983,327,575,43,69,84,7,3,0,58,46,56,63,35,10,68,0,93,71,31,1,0,1,1,1,0,1,0,2,1,67,47
606,288,588,72,84,57,26,2,0,80,2,55,10,38,18,87,27,59,25,45,1,1,1,1,1,1,1,1,65,35,45,45
336,786,688,85,52,6,74,2,0,13,63,10,47,85,43,58,10,33,0,30,0,1,1,1,1,1,1,0,7,70,2,93
198,390,613,75,5,22,76,4,1,62,57,46,27,96,17,93,58,6,43,77,1,1,1,1,1,1,0,0,34,68,97,84
563,828,157,3,70,43,25,1,0,41,42,90,53,95,69,70,44,63,87,60,1,0,1,0,0,1,0,1,72,21,20,53
980,65,30,11,3,72,81,1,0,51,12,25,85,61,64,51,87,62,85,17,1,0,0,1,0,1,0,0,48,43,40,17
450,125,665,12,34,40,96,2,0,20,55,15,69,91,25,82,69,90,98,83,0,1,0,1,1,0,0,1,71,7,28,78
332,820,509,52,54,3,85,3,0,24,88,12,62,71,70,59,51,79,59,55,0,0,0,1,1,0,1,0,18,80,19,77
498,946,166,12,91,72,74,0,0,67,71,14,13,28,1,69,56,6,81,41,1,1,0,1,0,0,1,0,98,60,93,20
102,546,349,93,3,92,15,0,1,1,91,1,84,56,18,67,33,82,53,1,1,0,0,0,1,1,1,0,44,30,29,35
44,876,984,88,61,14,51,1,0,32,59,65,4,37,2,28,17,27,60,80,1,0,1,1,0,0,1,0,56,11,4,19
410,907,683,83,99,69,74,1,1,1,75,39,36,52,18,23,84,59,92,86,1,1,0,1,1,1,1,0,83,19,16,74
746,339,329,56,11,75,26,2,1,23,35,86,92,57,31,9,85,9,62,8,1,0,1,0,0,0,0,0,51,2,76,85
129,993,273,57,41,77,29,-1,1,88,89,7,18,22,88,88,16,8,66,66,0,1,0,1,0,1,0,1,12,15,74,33
935,698,709,64,71,3,38,1,1,12,83,42,26,99,4,14,32,48,24,52,0,1,1,1,0,1,1,1,67,95,30,43
355,474,339,65,59,56,53,3,1,69,55,66,77,69,60,26,72,63,31,66,0,1,1,0,0,0,0,1,36,51,12,45
459,354,293,55,53,99,91,-1,1,46,52,3,16,46,78,3,44,42,12,4,1,0,1,0,0,0,0,0,50,7,96,27
360,304,328,66,64,58,93,1,1,33,13,72,28,45,13,73,9,80,50,24,1,0,1,0,0,0,0,0,66,66,53,68
378,291,39,42,54,28,17,3,1,46,80,65,53,30,27,11,70,19,45,56,1,0,1,1,0,0,0,1,35,75,62,3
593,58,930,15,43,23,41,3,1,80,38,0,64,71,30,3,79,93,70,33,1,1,1,0,1,1,1,0,30,0,36,40
259,639,600,94,13,34,8,1,1,90,57,33,74,53,72,98,69,40,58,77,1,1,0,1,1,1,0,0,54,92,15,71
940,951,845,56,90,82,12,1,0,68,87,10,37,46,87,37,55,82,41,50,0,0,1,0,1,0,0,1,88,63,89,84
979,572,443,89,11,58,30,4,0,72,92,5,46,91,30,31,47,2,97,66,0,0,0,1,1,1,0,0,73,58,98,95
238,628,392,58,74,32,30,4,1,40,85,18,40,43,13,37,5,42,63,93,0,1,1,0,0,0,1,0,11,8,14,14
929,365,303,51,32,96,62,1,1,51,45,30,46,33,61,29,42,51,73,12,0,0,0,0,1,1,1,0,78,62,21,62
386,943,337,67,80,55,75,1,0,68,35,47,41,73,5,29,73,35,28,10,1,0,0,1,0,0,1,1,26,68,39,7
997,197,138,29,54,72,89,1,1,55,30,7,17,36,49,38,46,80,31,74,0,0,0,0,1,1,0,0,13,10,35,17
774,111,975,68,55,35,38,2,0,56,32,62,20,20,64,11,17,92,82,34,1,0,0,0,1,0,0,1,56,59,84,36
133,226,132,95,91,52,6,2,1,88,6,99,94,51,28,88,38,83,13,64,1,1,1,0,1,1,0,0,53,0,22,58
395,485,621,7,96,89,80,4,0,86,80,76,96,89,21,8,28,97,54,75,1,0,1,1,0,0,0,0,30,44,80,52
174,228,377,24,48,44,9,-1,0,87,28,3,27,96,13,0,71,39,7,19,1,1,0,1,1,0,1,1,13,64,34,51
73,719,363,4,54,76,97,0,1,65,49,62,78,76,99,93,50,91,17,39,0,0,0,0,0,1,0,1,40,93,0,27
389,32,384,29,43,41,77,0,1,43,13,45,58,90,67,88,48,27,77,78,1,0,0,1,0,1,0,1,65,95,39,32
637,522,862,22,38,32,2,0,1,59,97,62,18,59,45,44,90,66,26,39,1,0,1,1,1,1,1,0,34,55,45,71
160,978,845,85,59,99,24,2,1,17,64,94,69,93,10,98,41,94,75,96,0,1,0,0,1,1,0,1,24,92,0,8
928,443,367,45,82,90,36,4,0,88,2,36,23,42,50,17,49,75,78,0,1,0,1,0,1,1,0,0,23,66,4,63
376,276,628,4,79,70,40,2,1,16,96,34,4,65,82,47,68,24,35,92,0,0,1,1,1,0,0,0,71,32,30,7
645,716,513,65,32,86,6,3,0,38,31,38,69,54,33,3,89,25,26,89,0,0,1,0,0,0,0,1,61,83,61,2
465,166,924,51,56,92,65,0,0,8,96,23,19,60,17,61,44,42,70,93,0,1,1,1,1,0,0,1,34,32,19,80
603,59,419,75,36,95,15,1,1,36,72,74,90,78,41,71,90,80,47,40,1,0,0,0,1,1,1,1,16,78,56,25
715,602,981,24,75,12,38,3,0,63,76,69,80,63,54,89,49,26,64,39,0,0,0,0,0,1,0,0,73,95,8,73
119,77,983,71,86,37,30,4,1,43,59,90,46,0,16,49,45,8,48,85,1,1,0,0,0,0,0,1,56,47,99,82
964,494,226,0,71,15,79,3,1,80,91,81,23,42,1,29,29,58,50,83,1,1,1,1,0,0,0,1,72,58,95,99
749,695,511,77,33,23,82,1,1,84,70,93,84,16,80,81,1,28,31,5,1,1,1,1,0,0,1,1,48,83,86,37
973,496,503,16,46,13,5,3,1,98,46,77,50,32,87,87,22,4,10,84,1,1,0,0,1,0,1,0,53,50,96,54
575,325,57,59,34,53,97,1,0,22,53,62,49,4,61,98,39,50,22,38,0,0,1,0,1,0,0,1,12,60,62,77
120,574,108,10,40,40,50,4,0,28,49,78,56,18,99,84,71,96,5,64,0,1,0,0,0,1,1,0,29,54,77,59
947,67,585,41,34,18,25,2,1,0,41,93,82,44,21,6,21,52,76,64,0,1,1,1,1,1,0,0,43,30,97,64
69,630,25,34,59,93,7,4,0,47,30,50,36,18,51,7,2,11,73,17,0,1,1,1,1,0,1,0,59,89,24,22
691,774,704,8,54,17,45,-1,1,8,47,63,94,58,90,2,41,6,22,10,0,1,0,1,1,0,1,1,9,82,52,46
864,181,264,69,95,26,22,4,1,20,36,98,25,31,9,4,15,46,75,85,1,0,0,1,1,1,0,1,1,89,86,39
557,359,244,50,2,11,16,4,0,64,43,46,92,76,31,2,27,17,94,7,0,0,0,0,0,1,1,0,10,93,8,2
113,26,658,74,40,43,64,4,0,69,78,18,8,88,85,57,21,13,71,79,0,1,1,1,1,1,1,0,67,37,3,35
84,215,70,79,48,56,85,2,0,9,91,43,62,96,49,28,79,10,27,66,1,0,0,0,1,0,1,0,34,93,67,56
465,287,447,8,53,20,28,3,1,8,34,72,1,59,76,21,70,30,8,12,1,1,1,0,1,1,0,0,52,58,64,60
128,373,222,39,26,65,7,0,1,15,26,73,49,78,73,32,49,87,67,75,0,0,0,0,0,0,0,0,9,85,60,82
324,382,432,25,59,88,11,3,0,39,61,81,45,33,54,34,59,7,64,15,0,1,0,1,0,0,0,0,70,28,45,19
664,116,839,54,75,60,91,4,0,78,17,66,25,98,19,36,24,48,73,74,0,0,1,0,1,0,1,1,71,34,4,37
45,282,240,93,59,60,0,3,1,25,84,46,15,56,27,98,3,83,16,70,0,1,0,1,0,1,1,0,70,82,57,35
476,342,66,83,72,6,43,-1,1,75,20,86,90,75,17,81,44,72,13,50,1,0,1,0,0,0,1,1,78,84,84,72
37,223,108,32,22,42,26,4,0,99,49,58,79,71,64,73,35,55,88,2,1,1,1,0,0,1,0,0,49,27,12,22
190,947,96,91,99,96,98,3,1,57,33,35,90,52,18,91,73,61,17,13,1,1,0,0,1,0,0,1,13,93,45,31
195,653,524,48,13,88,38,3,0,55,96,98,2,1,11,58,8,59,36,18,0,0,0,0,0,0,0,0,5,17,60,29
944,907,806,61,25,84,22,1,0,14,9,36,80,49,27,49,58,43,60,1,0,0,1,0,1,0,0,1,41,55,10,9
902,186,853,63,6,51,8,4,1,23,62,91,37,83,65,53,25,52,2,90,1,1,0,1,0,1,0,1,63,70,73,45
442,12,875,64,81,69,57,1,0,82,25,53,51,31,44,40,38,70,78,97,1,1,0,0,1,1,1,0,1,48,44,34
895,964,445,25,36,20,30,-1,1,50,17,97,95,31,27,57,26,97,70,87,0,1,1,0,0,0,1,0,3,72,22,80
957,742,394,43,69,95,94,1,0,73,57,93,45,10,21,89,3,96,26,86,0,0,1,1,0,0,0,1,57,93,19,63
989,532,691,79,6,72,47,4,0,32,32,96,30,22,90,21,80,37,40,61,0,0,0,0,0,1,1,0,58,45,95,88
583,358,593,22,1,90,26,4,1,44,42,0,93,6,72,20,14,4,8,43,1,1,1,0,1,0,1,1,8,64,33,37
667,671,882,70,66,96,4,4,1,99,45,92,88,70,73,24,59,29,34,69,1,0,1,1,0,0,0,0,75,52,77,21
618,562,870,88,59,6,52,0,1,51,60,62,69,15,60,42,74,92,25,43,1,0,1,1,1,1,0,0,65,22,50,58
235,397,818,7,12,18,75,0,1,31,76,29,43,76,49,14,49,36,10,85,0,0,1,1,1,1,1,1,87,42,83,75
937,403,359,7,35,83,88,4,0,96,40,30,17,28,13,16,26,43,86,87,0,1,0,0,0,1,0,1,1,25,70,58
593,122,784,20,13,51,71,4,1,98,47,12,26,95,35,26,7,4,24,15,1,0,1,0,0,0,1,0,17,70,4,75
722,84,98,38,83,17,43,3,0,17,93,67,33,55,5,79,23,76,45,98,1,0,1,1,0,1,1,0,14,44,51,46
187,546,262,34,8,7,5,2,1,21,43,46,71,77,80,49,21,53,34,64,0,1,1,0,1,0,1,0,38,60,59,29
592,712,589,70,10,64,94,-1,1,86,40,59,58,65,3,3,43,25,53,24,1,1,0,0,1,1,0,0,10,26,23,46
893,387,688,50,25,19,84,-1,1,20,13,36,85,78,36,60,27,10,68,94,0,1,0,1,0,1,0,1,46,14,88,52
129,973,276,98,25,83,31,2,0,34,62,48,27,24,87,71,99,39,64,75,0,0,0,0,1,1,1,1,93,77,25,79
912,47,228,15,36,90,21,-1,1,70,46,81,88,51,77,31,64,32,38,58,0,0,0,0,1,0,0,1,70,63,89,12
275,853,518,41,77,62,82,3,0,42,36,78,32,85,26,29,46,84,13,46,0,0,1,1,0,0,1,1,21,39,6,87
769,-1,622,26,34,58,32,1,0,76,5,53,84,90,36,67,12,33,53,2,0,0,0,0,1,1,1,0,28,36,16,40
487,921,938,76,23,78,68,2,0,80,35,14,60,68,53,22,40,73,21,99,1,1,1,0,1,1,1,0,73,15,79,13
189,456,815,53,92,68,66,1,1,23,64,46,79,24,79,52,79,87,52,14,1,0,0,1,1,1,1,0,39,60,13,72
769,1,357,27,7,96,98,-1,1,73,71,38,60,24,69,94,92,67,20,11,1,0,0,1,1,1,0,1,64,44,69,98
423,583,981,21,46,7,78,1,0,0,62,61,22,37,71,78,47,39,14,76,1,1,0,1,0,1,1,0,71,39,35,15
971,132,5,15,50,98,3,-1,0,54,12,56,52,96,69,27,9,41,55,2,1,0,0,1,1,0,0,1,50,94,51,56
101,837,176,74,70,26,55,2,0,15,60,49,32,67,37,83,36,86,15,54,0,0,1,1,0,0,1,0,20,50,69,8
765,709,331,3,78,82,20,4,1,15,69,81,85,67,29,21,8,81,55,16,1,0,0,0,1,1,0,0,16,68,63,85
48,255,697,5,68,28,42,3,1,67,49,60,83,46,87,64,86,56,75,25,1,0,0,0,0,0,0,0,35,68,97,13
24,178,789,83,84,39,63,3,1,79,59,82,4,92,12,91,62,38,61,41,1,1,1,1,0,0,1,0,30,64,34,93
261,101,430,11,87,2,3,0,1,90,88,20,64,98,4,26,71,5,90,99,1,0,1,0,1,1,1,0,16,92,91,11
811,964,342,54,34,0,49,1,0,97,27,66,59,54,37,81,40,65,21,44,0,1,0,0,0,0,0,1,27,92,7,81
414,286,70,46,32,69,45,-1,1,19,3,57,1,11,10,9,83,11,11,51,0,0,0,0,1,1,1,1,25,64,81,21
206,397,546,30,8,40,61,1,0,72,93,21,48,70,44,75,67,25,0,76,0,0,0,0,1,1,0,0,71,86,18,16
12,208,379,64,34,77,44,3,1,94,62,87,49,15,64,18,53,6,10,85,1,1,0,1,1,0,0,0,76,52,90,55
464,485,578,63,19,80,35,4,0,40,68,46,80,83,70,85,79,49,62,95,0,0,0,1,0,0,0,0,59,34,5,73
723,915,429,32,46,94,37,-1,1,46,0,40,78,39,33,81,38,27,40,2,0,1,0,1,0,1,1,0,31,61,81,1
602,282,710,80,45,88,52,3,1,1,63,88,35,76,38,26,38,4,34,68,0,0,0,1,0,0,1,1,57,53,94,96
